id;street_address;postal_code;city;state_province
1;synthesizing Views e-enable;Credit Card Account National Awesome;South Alverashire;navigating
2;interactive generating compelling;Home Loan Account;North Elenor;Car Industrial deliverables
3;orange Books;magenta monitor 1080p;Aprilside;deposit Internal
4;Investment Account archive Fantastic Plastic Chicken;payment;Louveniaburgh;Mississippi embrace Developer
5;synthesize Idaho compress;Sleek Metal Table Small;North Collin;Dynamic
6;knowledge base Buckinghamshire;Concrete Investment Account Saint Lucia;East Twilaton;neutral Salad
7;Auto Loan Account modular Refined;digital maroon;Tillmanmouth;back-end
8;granular Direct contextually-based;synergies copying;Gutmanntown;Borders
9;Bedfordshire Bahamian Dollar;24/7;Cummingsborough;Mauritania
10;facilitate Tasty Concrete Chips Exclusive;Buckinghamshire capability zero tolerance;East Leonardshire;paradigms Home
